-- phpMyAdmin SQL Dump
-- version 3.4.5
-- http://www.phpmyadmin.net
--
-- Anamakine: localhost
-- Üretim Zamanı: 22 Haz 2012, 16:01:26
-- Sunucu sürümü: 5.0.51
-- PHP Sürümü: 5.2.6-1+lenny9

SET SQL_MODE="NO_AUTO_VALUE_ON_ZERO";
SET time_zone = "+00:00";


/*!40101 SET @OLD_CHARACTER_SET_CLIENT=@@CHARACTER_SET_CLIENT */;
/*!40101 SET @OLD_CHARACTER_SET_RESULTS=@@CHARACTER_SET_RESULTS */;
/*!40101 SET @OLD_COLLATION_CONNECTION=@@COLLATION_CONNECTION */;
/*!40101 SET NAMES utf8 */;

--
-- Veritabanı: `staj`
--

-- --------------------------------------------------------

--
-- Tablo için tablo yapısı `dokuman`
--

CREATE TABLE IF NOT EXISTS `dokuman` (
  `id` tinyint(3) unsigned NOT NULL auto_increment,
  `ad` varchar(50) NOT NULL,
  `yol` varchar(100) NOT NULL,
  `kullanici_id` char(12) NOT NULL default '0',
  PRIMARY KEY  (`id`)
) ENGINE=MyISAM  DEFAULT CHARSET=latin1 AUTO_INCREMENT=75 ;

--
-- Tablo döküm verisi `dokuman`
--

INSERT INTO `dokuman` (`id`, `ad`, `yol`, `kullanici_id`) VALUES
(69, 'aa', 'd/5b5.txt', '0'),
(70, 'asd', 'd/46b.jpg', '201013171906'),
(71, 'aaaa', 'd/7bc.bmp', ''),
(72, 'RR', 'd/12e.bmp', ''),
(73, 'Ppp', 'd/d39.bmp', '33355'),
(74, 'Erasmu Staj Hükümleri', 'd/4e5jpeg', '0');

-- --------------------------------------------------------

--
-- Tablo için tablo yapısı `ogrenci`
--

CREATE TABLE IF NOT EXISTS `ogrenci` (
  `ogrenci_no` char(12) NOT NULL,
  `tc_no` varchar(11) default NULL,
  `ad_soyad` varchar(50) character set utf8 NOT NULL,
  `cep_telefonu` varchar(15) default NULL,
  `e_posta` varchar(50) default NULL,
  `sifre` varchar(32) NOT NULL,
  PRIMARY KEY  (`ogrenci_no`)
) ENGINE=MyISAM DEFAULT CHARSET=latin1;

--
-- Tablo döküm verisi `ogrenci`
--

INSERT INTO `ogrenci` (`ogrenci_no`, `tc_no`, `ad_soyad`, `cep_telefonu`, `e_posta`, `sifre`) VALUES
('200513171001', '', 'Fatih KOÇYÝÐÝT', '', '', '795b0d9531e84bb74cf793cdda8540e1'),
('200513171031', '', 'Erhan GÜLER', '', '', '3e334f27f572c0088fe7debe050ae8dc'),
('200513171803', '', 'Fýrat BAYRAM', '', '', '44fdbdf5b5f914e7810f233735e8449c'),
('200513171014', '', 'Nurullah ERÇELÝK', '', '', 'ef2e3f625ad99c78cb9e186ec26fa17a'),
('200513131016', '', 'Ali Rýza ÇÝLÝNGÝR', '', '', 'afacea27bca2dee0e3ab26afa10c3782'),
('200513171003', '', 'ENGÝN KARABEL', '', '', '69956fa5632917b4d8ad0c93ab616ab8'),
('200513151036', '', 'Burak IÞIKLI', '', '', '4699859e2d41eea82dbb54049649dc1b'),
('200513171024', '', 'Buket NALÇACI', '', '', 'da6b5a608af88f5c692b1114e0bc987f'),
('200513171801', '', 'Cem SARI', '', '', '1a80cd692eb8e3ec9d23204fc2a60ee4'),
('200513171004', '', 'Mehmet T. ALAGEYÝK', '', '', '0d47581dc9b20388908c4a6eb20b1ec0'),
('200513171007', '', 'Büþra CUNÝER', '', '', '891a60388875fb1c942caba292cc52ef'),
('200513171012', '', 'Zeki KAYA', '', '', '37e184e9bae8b0364f883b41a50b0d8a'),
('200513171804', '', 'Ayþe Hümeyra YILMAZ', '', '', '699731c7d97a2b9f5fc5608bc8d7913f'),
('200513171022', '', 'Esat TAÞDAN', '', '', '78f77ce52df54ac8db71fb3afdb0f1f1'),
('200513171005', '', 'Yavuz KARA', '', '', 'ccfad0caddb4d1d996f8f10925a27d22'),
('200513171006', '', 'Sevcan AYTEKÝN', '', '', '60722f8bc59e2e0a89b9c3d538d9ad0e'),
('200513171016', '', 'Þükrü YENER', '', '', 'b40e96de640c3a0ed741693de46b3e2e'),
('200513171030', '', 'Melih SAÐIROÐLU', '', '', 'bb3305cfdb1c31f77323a4810edc41ea'),
('200513171019', '', 'Ýbrahim ÇATAKLI', '', '', '3cb3b00aca9d71f783dc730bb089350d'),
('200513152014', '', 'Hubeyb ÖZKUL', '', '', 'd59146e54377cc72cd406feb2db876ee'),
('200513171008', '', 'Þeyhmus YILMAZ', '', '', '6aa77eae8edc2e3299db2eb267f07511'),
('200513141014', '', 'Pýnar YADÝGAR', '', '', '0d5279f3af2de3d476e7f1483c1bd77e'),
('200513131039', '', 'Hanife GÖKER', '', '', 'd6d6be6e5c7ee4a1fd9f6977f91d7a81'),
('200513171802', '', 'Halil Ýbrahim ÇAKIR', '', '', '687e3ac816731b018387ba74c5437d18'),
('200513171028', '', 'Mehmet Sadýk ERSOY', '', '', '8351297921d9cd02d79e840edaad798f'),
('200513171026', '', 'Çaðlar LÝMANDAL', '', '', 'ab0f7cd139606518eb4a65d142e6465d'),
('200513171023', '', 'Burcu KIR', '', '', '40c9ba02fb502d5da6597d7d7a347c5c'),
('200713171902', '', 'Ömer SAVAÞ', '', '', '0aac35e3209180b8c2ce69d4d8cb7891'),
('200713171901', '', 'Sinan ÇAMURLU', '', '', '2545f1afb116223d51d03ae5603df4f1'),
('200613141054', '', 'Süheyla KORKMAZ', '', '', 'd95c843984d63ca46a4a15cd0adeea29'),
('200613151006', '', 'Fatih AKÇAY', '', '', '39ef93690c6c217c1233ebdf3eed6f07'),
('200613151042', '', 'Abdurrahman YAVUZ', '', '', '34b4d891928bed7f9de60f6e7c85eb14'),
('200613161015', '', 'Gökçe ERYÝÐÝT', '', '', 'ee94ef9c208a6240161b7e111ba686fd'),
('200613161033', '', 'Aslý YILDIRIM', '', '', '342d4ac598d4b46b3a5cd3089499901f'),
('200613171005', '', 'Salih ATSIZ', '', '', 'a80964a30afa13866b245fd2e5f7f92b'),
('200613171006', '', 'Lalegül BOSTANCI', '', '', 'dbf372cceb6e2e6d56d08595279344e7'),
('200613171009', '', 'Abdurrahman DORUK', '', '', '848b42b2968b8ef672a1759a16153a21'),
('200613171019', '', 'Bekir NÝYAZ', '', '', 'f4fd770b082767f934cb5d690b7fb82d'),
('200613171020', '', 'Mülkiye SÜMEN', '', '', '9dc6a9a8b98de960d6c89ab39117c0f0'),
('200613171021', '', 'Umut TEK', '', '', 'b1fe1d055fb95cb8036dd7c84474736e'),
('200613171027', '', 'Harun ÇALIÞKAN', '', '', 'c8ff5eda40a637867cf79e42ad780d17'),
('200613171029', '', 'Fatih ÇELÝK', '', '', '10671e93ab3ba9a6d07b137d597d2b79'),
('200613171801', '', 'Yýldýray ÝTÝÞGEN', '', '', '6d07ad5717dbbcd87cfd7f34edb7417e'),
('200813171001', '', 'Naciye ABAKAY', '', '', 'c266edb759beb4bcca098e7d2e2e8fa7'),
('200813171002', '', 'Ferat AKTAS', '', '', '14a5abf81d79f6188b68453b9db1bcc0'),
('200813171003', '', 'Alperen ALBAKIR', '', '', '6917557dbf3c3bf7b09d432c200ecf14'),
('200813171006', '', 'Serap BEGDAS', '', '', '286380bc0f3268d42ed840591b1a382c'),
('200813171007', '', 'Harun BEKTAÞ', '', '', 'd0767c94f5c3bfa1bf9f0cb8930dab90'),
('200813171008', '', 'Hakký BULUN', '', '', 'faf78d0575c8a974cec533604a062baa'),
('200813171009', '', 'Aynur ÇAKAR', '', '', '9547c991a2bc16edee86c34cebb72ab6'),
('200813171011', '', 'Ýsmail DEMÝRBAÞ', '', '', 'bf4b7e0f9e9b9634eb6a1f40cb9d1ed0'),
('200813171013', '', 'Fatih ERDOÐDU', '', '', 'a77a565ea589e9f3f2c679905732b2d8'),
('200813171015', '', 'Arzu FIRAT', '', '', '6bbf6cb55cfff853d96a8befdfcce868'),
('200813171016', '', 'Müjgan GÖK', '', '', '5d4300c98bf4c541f396da22d52938d3'),
('200813171017', '', 'M. Burak GÜÇYETMEZ', '', '', '5fc3c6577a772d35afdbb6e70bc220c9'),
('200813171018', '', 'Deniz KARACAN', '', '', 'ec6f0ac708d02e0e880668d5d1d7e764'),
('200813171019', '', 'Sefa KELES', '', '', '6ee53744b7a5c389fc951b844f6c5245'),
('200813171024', '', 'Muhammet SARAÇ', '', '', 'd2b10f82a15691a6ef5d6132fad8ed3d'),
('200813171025', '', 'Yasemin SAVAÞ', '', '', '1247422093e13e42393a3879960fcf22'),
('200813171026', '', 'Hüseyin TEMEL', '', '', '6a6beea310c7e3b7d9411e9ac6d78488'),
('200813171027', '', 'Ebru ÜÇKÖYLÜOÐLU', '', '', 'd9ed7e4c151079b7075657eb08f0b7c1'),
('200813171028', '', 'Murat ÜSTÜNAL', '', '', 'ae273fc4698844bf21e1ef1a3c250a2a'),
('200813171029', '', 'Þahin YARAL', '', '', 'f10685324988a9db9f3c937301e9aea4'),
('200813171030', '', 'Serkan YARBAÞ', '', '', '649f8ec632e7b77a46f940ae86cd7192'),
('200813171031', '', 'Güleser YILMAZ', '', '', '65f8887c01e16e2b61c1066df93666ca'),
('200613171023', '', 'Nimet UYUR', '', '', 'f1cc7c796dadecf30cb73b278fd97008'),
('200813171801', '', 'Murat KESKÝNOL', '', '', '13f857d6d562b34aea612dd968339e7b'),
('200813171802', '', 'Koray ARAR', '', '', '134bf943aa682489b828dc49ed45cb8a'),
('200913171001', '', 'Hilal ÇELÝKMAKAS', '', '', '22b441973d1f6216919b9e424e55431b'),
('200913171002', '', 'Ömer KESKÝN', '', '', '8011c6d1620b6cc9acfd7a1e0a4c9748'),
('200913171003', '', 'Fehime GÜNDÐDU', '', '', '4c305d2c8ff3508b2c7d07c67dee2aae'),
('200913171004', '', 'Zeynep TUTAR', '', '', '8bea46b9f532c343c984f0485dd4c92b'),
('200913171005', '', 'Selcan GÜLTAÇ', '', '', 'cb947d6413bd2b2d9031feae086f9ea8'),
('200913171007', '', 'Fehmi UYAR', '', '', 'b778c524bfd39c999ac238f0c6ca7108'),
('200913171012', '', 'Müslüme GÜNDOÐDU', '', '', 'f8fcd9fa8d21b9cbed8cfb0cfdfbe2d5'),
('200913171015', '', 'Melek KORUL', '', '', '0cffdf0a03d99eeaf211301257e790f8'),
('200913171016', '', 'Memduh BARUT', '', '', '13f17d9d7fbb6a9cca8365bf9ca9c668'),
('200913171019', '', 'Murat BAÞTUÐ', '', '', 'fd099ccbde0f5608b608bc60ec340453'),
('200913171020', '', 'Yaðmur ÞAHÝNER', '', '', '2c8bcb3edf39ede9e9b1d2e5cbcfae2b'),
('200913171023', '', 'Nazlý BASER', '', '', 'cf03f2f127aafd38acce9818560b4155'),
('200913171024', '', 'Ünal ÇÖTÜR', '', '', 'eeb1b78cc8762b0f882d6d439a02cf67'),
('200913171026', '', 'Ýbrahim DAL', '', '', '9238d31144d87a0b181a87cc67c86b34'),
('200913171027', '', 'Fatih SERT', '', '', 'af7008d6dbeff7b255ed7c5fe6e934d1'),
('200913171030', '', 'Kenan KOÇER', '', '', '3c304d31ed0772c3aeee34edd7eecd98'),
('200913171032', '', 'Semih YÝÐÝT', '', '', '9b3326166c110d16288815f686c3aebd'),
('200913171035', '', 'Mehmet KÖSMEN', '', '', '46befd458b071774fdb83f8ed1d5b798'),
('200913171036', '', 'Ýsmail TAMKOÇ', '', '', 'dc47eb2f7eb78f595e39c7aeabec89c1'),
('200913171038', '', 'Esra ÇÝFTÇÝ', '', '', '3f401ae868e14b5e54e1e3067f670d86'),
('200913171039', '', 'Abubekir SAKAR', '', '', '3dca3b4ba5c7fbb2e1cb792f9af711e6'),
('200913171040', '', 'Ferhat KABLAN', '', '', 'b0410add4a7596e29f1e25762c6043f1'),
('200913171043', '', 'Ayþenur DOÐAN', '', '', '1adbf6b3081868ea698410efdba04c56'),
('200913171046', '', 'Zehra AYDIN', '', '', '686b7395617a9f46590587c19640451c'),
('200913171047', '', 'Filiz AZGIN', '', '', 'e75059d24eb20f6406d38c04eb479471'),
('200913171057', '', 'Hasan Selçuk SARIKAYA', '', '', '68bacab2436df1c23ac1bdd66debff40'),
('200913171801', '', 'Ayþe BAÞTUÐ', '', '', 'f860d41022f21dc40f97e2ce0fabd0ca'),
('200913171802', '', 'Þeyda KAPLAN', '', '', '982eb48d9aa9703ebf180f2595eebe2a'),
('200913171804', '', 'Elif Güler ERMUTAF', '', '', '9b87679f06a2f85ad2a0efe7c5ebd889'),
('200913172001', '', 'Demet BEKTAÞ', '', '', '14836f4d64aac3a2284bd9918f31502c'),
('200913172002', '', 'Ayþe DURUK', '', '', 'a42b54cdd3405f0d26f0ae40b530e061'),
('200913172003', '', 'Yahya KESENEK', '', '', 'a297ea42b9e5a0307095e59fc99a55c5'),
('200913172004', '', 'Fatma Nur TOMRUK', '', '', 'cd147241ba53bde2b7b6257797781b7b'),
('201013171906', '', 'Nihat YURTSEVEN', '', '', 'b640dba2f1a474aea7f03a1fd3cc148e'),
('201013172008', '', 'Ýsmail BATAÐAN', '', '', '3cc66a2eecce522dae2f52f1ae0f54c1'),
('201013172043', '', 'Cansu OVAYOLU', '', '', '3ce5b17aa05aed6df75ee879237c2b06'),
('201013172061', '', 'Eser TOPÇU', '', '', '644ab5d9b8c33bde1f8741eb91e8282f'),
('200613171016', '', 'Süleyman KURAL', '', '', '58d7d32a2d18279880ab4b5b6252f804'),
('200613171011', '', 'Güler KARABACAK', '', '', '50ca4e8a8f4b156ad78faa1832542af6'),
('200613171015', '', 'Pelin KILIÇKAYA', '', '', 'db99b5f8e42e73d6c69eb2736b9c1aa4'),
('200613171022', '', 'Ýsmail TÜRK', '', '', '4c7e3931a4c1874fd7c13e7157327b6d'),
('200613171004', '', 'Neþet ARSLAN', '', '', 'b7df6786948da4603bfa657f9255d58c'),
('200613171017', '', 'Ömer Serkan KÖYLÜ', '', '', '25102ef911b2e9435f3735e5def4362a'),
('200613171018', '', 'Mustafa MÖNÜR', '', '', '0342ce14d0f1ace527feef5d55511edf'),
('200613171024', '', 'Tuðba YALÇINKAYA', '', '', 'b774090cda1aa956512ece892c2b3bc9'),
('200613171008', '', 'Merve DEÐER', '', '', 'f1d7169bfa025b98a3427cb0ba17afef'),
('200613171026', '', 'Seçil YILMAZ', '', '', '3fbff5ab64a14fd7ffdc6f4bfdc32f75'),
('200613171030', '', 'Halil Ýbrahim ÇETÝN', '', '', 'bf576e35ee6d567386e13c4490dab45f'),
('200613171003', '', 'Mücahit ALTINTAÞ', '', '', 'b44c330f676de1f0012653df2f1958d0'),
('200613161011', '', 'Ezgi DÖKMETAÞ', '', '', '43f162248794452a5a727b597c69f181'),
('201013171902', '18692578714', 'Burak KOCA', '05455830324', '', 'f94e0dd2a1f1c2f5bdd4403705fedf17'),
('201013171026', '32789367814', 'Esen EYRÝBAÞ', '', '', 'f655d21a91608bac7234dbeedb3d628d'),
('200913171058', '47782270726', 'Abdülkadir YIKILGAN', '', '', '9f800f1a58f6d3bb80f6d2504c07a9d0'),
('201113171903', '', 'Cüneyt MEDETOÐLU', '', '', '16ef465ea0360722a657c79a44c4bf5f'),
('201113171906', '', 'Salih ÞEKER', '', '', '9f7a2877a5d13e1bfdf7a2e49df16e86'),
('201113171905', '', 'Vahit ÖZKUL', '', '', 'e9a5e6c5d4ddf841b4acbfdb3e60a3f4'),
('201113171901', '', 'Serkan AYAZ', '', '', '06ea2698d8c3b4113886c3441292dfc8'),
('201013171904', '', 'Mithat Raþit ÖZÇIKRIKÇI', '05059370451', '', '3384baed32051152d4d080bc1a0fe562'),
('201013171901', '', 'Sami BAÞÜNAL', '', '', '988080a4a9882915dc426759a07ffb66'),
('201013171905', '', 'Ömer Faruk SEL', '', '', '9e26954d582ce0d988f85cc6f1b6076a'),
('201013171903', '', 'Ferdane ÖÐÜT', '', '', '5d0ad07d437589401a70a0408723d056'),
('200813171004', '', 'Ýsmail ATLIHAN', '', '', '5425e3a60333d8a053011980d200aa20');

-- --------------------------------------------------------

--
-- Tablo için tablo yapısı `personel`
--

CREATE TABLE IF NOT EXISTS `personel` (
  `kullanici_adi` char(12) NOT NULL,
  `ad_soyad` varchar(50) NOT NULL,
  `sifre` varchar(32) NOT NULL,
  PRIMARY KEY  (`kullanici_adi`)
) ENGINE=MyISAM DEFAULT CHARSET=latin1;

--
-- Tablo döküm verisi `personel`
--

INSERT INTO `personel` (`kullanici_adi`, `ad_soyad`, `sifre`) VALUES
('nihat', 'nihat yurtseven', '1465800721fc5063fd673561b8505b22'),
('2', 'nihat yurtseven', 'c81e728d9d4c2f636f067f89cc14862c'),
('cakirhal', 'Halil Ýbrahim ÇAKIR', 'dc0403d1b4a61aec259859dfe7690a13'),
('firat', 'Fýrat Ertaç DURAK', 'e652dc5596070e8dc3fedfb32be655a6'),
('burakm', 'Burak MEMÝÞ', '6a1f7d155872081b39b3053fbbeeaff9');

-- --------------------------------------------------------

--
-- Tablo için tablo yapısı `staj_bilgileri`
--

CREATE TABLE IF NOT EXISTS `staj_bilgileri` (
  `id` int(11) NOT NULL auto_increment,
  `staj_yeri` int(11) NOT NULL,
  `staj_turu` tinyint(3) unsigned NOT NULL,
  `ogrenci_no` char(12) NOT NULL,
  `baslangic` date NOT NULL,
  `bitis` date NOT NULL,
  `kabul_gun` tinyint(4) default '0',
  `toplam_gun` tinyint(4) NOT NULL,
  `aciklama` varchar(100) default NULL,
  `durum` varchar(1) NOT NULL default '0',
  `donem` varchar(20) default NULL,
  PRIMARY KEY  (`id`),
  KEY `ogrenci_staj_bilgisi` (`ogrenci_no`),
  KEY `staj_yeri_bilgisi` (`staj_yeri`),
  KEY `staj_turu_bilgisi` (`staj_turu`)
) ENGINE=MyISAM  DEFAULT CHARSET=latin1 AUTO_INCREMENT=366 ;

--
-- Tablo döküm verisi `staj_bilgileri`
--

INSERT INTO `staj_bilgileri` (`id`, `staj_yeri`, `staj_turu`, `ogrenci_no`, `baslangic`, `bitis`, `kabul_gun`, `toplam_gun`, `aciklama`, `durum`, `donem`) VALUES
(149, 33, 5, '200513171014', '2007-06-04', '2007-06-29', 20, 0, '', '0', '2007 YAZ DÖNEMÝ'),
(150, 30, 5, '200513171005', '2009-01-16', '2009-02-07', 20, 0, '', '0', '2009 ARA DÖNEM'),
(151, 34, 5, '200513171030', '2009-01-12', '2009-02-07', 20, 0, '', '0', '2009 ARA DÖNEM'),
(152, 28, 5, '200513171028', '2009-01-12', '2009-02-05', 20, 0, '', '0', '2009 ARA DÖNEM'),
(133, 22, 6, '200513171012', '2007-07-30', '2007-08-31', 25, 0, '', '0', '2007 YAZ DÖNEMÝ'),
(134, 9, 6, '200513171803', '2009-08-21', '2009-09-12', 20, 0, '', '0', '2009 YAZ DÖNEMÝ'),
(132, 21, 5, '200513171007', '2007-06-20', '2007-07-31', 30, 0, '', '0', '2007 YAZ DÖNEMÝ'),
(129, 18, 6, '200513171024', '2007-06-11', '2007-09-17', 20, 0, '', '0', '2007 YAZ DÖNEMÝ'),
(130, 19, 5, '200513171801', '2007-06-04', '2007-06-29', 20, 0, '', '0', '2007 YAZ DÖNEMÝ'),
(131, 20, 6, '200513171004', '2007-07-02', '2007-08-21', 30, 0, '', '0', '2007 YAZ DÖNEMÝ'),
(146, 24, 6, '200513171016', '2008-07-21', '2008-08-15', 20, 0, '', '0', '2008 YAZ DÖNEMÝ'),
(144, 11, 5, '200513171005', '2008-06-02', '2008-08-01', 20, 0, '', '0', '2008 YAZ DÖNEMÝ'),
(142, 24, 6, '200513171016', '2007-06-04', '2007-07-13', 30, 0, '', '0', '2007 YAZ DÖNEMÝ'),
(138, 28, 5, '200513171012', '2009-01-21', '2009-02-06', 15, 0, '', '0', '2009 ARA DÖNEM'),
(139, 27, 6, '200513171005', '2008-06-16', '2008-07-11', 20, 0, '', '0', '2008 YAZ DÖNEMÝ'),
(135, 31, 5, '200513171804', '2008-01-15', '2008-02-11', 20, 0, '', '0', '2008 ARA DÖNEM'),
(136, 30, 5, '200513171022', '2009-01-16', '2009-02-07', 20, 0, '', '0', '2009 ARA DÖNEM'),
(123, 16, 5, '200513171803', '2009-05-30', '2009-06-27', 25, 0, '', '0', '2009 YAZ DÖNEMÝ'),
(124, 11, 5, '200513171031', '2008-07-21', '2008-08-15', 20, 0, '', '0', '2008 YAZ DÖNEMÝ'),
(125, 12, 5, '200513171031', '2009-01-12', '2009-02-07', 24, 0, '', '0', '2009 ARA DÖNEM'),
(128, 11, 5, '200513131016', '2010-01-11', '2010-01-29', 15, 0, '', '0', '2010 ARA DÖNEM'),
(148, 9, 6, '200513171019', '2009-01-12', '2009-02-06', 20, 0, '', '0', '2009 ARA DÖNEM'),
(147, 23, 6, '200513171030', '2008-07-07', '2008-08-01', 20, 0, '', '0', '2008 YAZ DÖNEMÝ'),
(145, 32, 5, '200513171804', '2007-06-04', '2007-06-29', 20, 0, '', '0', '2007 YAZ DÖNEMÝ'),
(143, 23, 5, '200513171030', '2008-06-09', '2008-07-04', 20, 0, '', '0', '2008 YAZ DÖNEMÝ'),
(141, 25, 5, '200513171016', '2007-07-30', '2007-09-07', 30, 0, '', '0', '2007 YAZ DÖNEMÝ'),
(137, 29, 5, '200513171802', '2007-06-05', '2007-06-27', 20, 0, '', '0', '2007 YAZ DÖNEMÝ'),
(140, 26, 6, '200513171006', '2007-06-29', '2007-07-21', 20, 0, '', '0', '2007 YAZ DÖNEMÝ'),
(127, 17, 6, '200513171001', '2009-01-12', '2009-02-06', 20, 0, '', '0', '2009 AR DÖNEM'),
(126, 9, 6, '200513171031', '2007-09-20', '2007-10-14', 19, 0, '', '0', '2007 YAZ DÖNEMÝ'),
(122, 11, 5, '200513171014', '2009-01-12', '2009-01-23', 10, 0, '', '0', '2009 ARA DÖNEM'),
(121, 14, 6, '200513131016', '2009-06-29', '2009-07-31', 25, 0, '', '0', '2009 YAZ DÖNEMÝ'),
(120, 13, 6, '200513151036', '2007-07-23', '2007-09-04', 30, 0, '', '0', '2007 YAZ DÖNEMÝ'),
(119, 11, 5, '200513171003', '2009-06-01', '2009-06-26', 20, 0, '', '0', '2009 YAZ DÖNEMÝ'),
(118, 10, 5, '200513171003', '2009-08-20', '2009-09-16', 20, 0, '', '0', '2009 YAZ DÖNEMÝ'),
(117, 9, 6, '200513171003', '2009-01-12', '2009-01-26', 11, 0, '', '0', '2009 ARA DÖNEM'),
(153, 35, 6, '200513171023', '2007-06-04', '2007-06-29', 20, 0, '', '0', '2007 YAZ DÖNEMÝ'),
(154, 11, 5, '200513171026', '2007-07-16', '2007-08-10', 20, 0, '', '0', '2007 YAZ DÖNEMÝ'),
(155, 11, 5, '200513152014', '2010-01-11', '2010-02-05', 20, 0, '', '0', '2010 ARA DÖNEM'),
(156, 11, 5, '200513171001', '2010-01-11', '2010-02-05', 20, 0, '', '0', '2010 ARA DÖNEM'),
(157, 85, 6, '200513171008', '2010-05-31', '2010-06-25', 20, 0, '', '0', '2010 YAZ DÖNEMÝ'),
(158, 85, 5, '200513171008', '2010-06-28', '2010-07-23', 20, 0, '', '0', '2010 YAZ DÖNEMÝ'),
(159, 86, 5, '200513171001', '2010-05-31', '2010-06-25', 20, 0, '', '0', '2010 YAZ DÖNEMÝ'),
(160, 11, 5, '200513171008', '2010-01-11', '2010-02-05', 20, 0, '', '0', '2010 ARA DÖNEM'),
(161, 87, 5, '200513152014', '2010-05-31', '2010-06-25', 20, 0, '', '0', '2010 YAZ DÖNEMÝ'),
(162, 11, 6, '200513141014', '2010-07-05', '2010-07-28', 12, 0, '', '0', '2010 YAZ DÖNEMÝ'),
(163, 11, 6, '200513141014', '2010-05-31', '2010-07-01', 16, 0, '', '0', '2010 YAZ DÖNEMÝ'),
(164, 88, 5, '200513141014', '2010-08-02', '2010-09-17', 29, 0, '', '0', '2010 YAZ DÖNEMÝ'),
(165, 89, 6, '200513131039', '2010-05-31', '2010-06-25', 20, 0, '', '0', '2010 YAZ DÖNEMÝ'),
(166, 29, 6, '200513131039', '0531-10-20', '0625-10-20', 20, 0, '', '0', '2010 YAZ DÖNEMÝ'),
(167, 88, 5, '200513131039', '2010-08-03', '2010-08-05', 17, 0, '', '0', '2010 YAZ DÖNEMÝ'),
(168, 90, 5, '200513131039', '2011-07-11', '2011-08-05', 20, 0, '', '0', '2011 YAZ DÖNEMÝ'),
(169, 93, 5, '200713171902', '2009-01-12', '2009-02-03', 20, 0, '', '0', '2009 ara dönemi'),
(170, 94, 5, '200713171902', '2011-01-17', '2011-02-11', 20, 0, '', '0', '2011 ara dönem'),
(171, 95, 6, '200713171901', '2010-06-07', '2010-06-19', 20, 0, '', '0', '2010 yaz dönemi'),
(172, 11, 6, '200713171902', '2010-01-17', '2010-02-11', 20, 0, '', '0', 'dikey geçiþ kabul'),
(173, 95, 6, '200713171901', '2010-07-01', '2010-07-23', 20, 0, '', '0', '2010 yaz dönemi'),
(174, 95, 5, '200713171901', '2010-07-24', '2010-07-16', 20, 0, '', '0', '2010 yaz dönemi'),
(175, 96, 6, '200613141054', '2011-05-30', '2011-06-24', 20, 0, '', '0', '2011 yaz dönemi'),
(176, 11, 5, '200613141054', '2011-10-03', '2011-10-28', 20, 0, '', '0', '2011 yaz dönemi'),
(177, 97, 6, '200613141054', '2011-01-17', '2011-02-11', 20, 0, '', '0', '2011 ara dönem'),
(178, 98, 6, '200613151006', '2010-09-22', '2010-09-23', 20, 0, '', '0', '2010  yaz dönemi'),
(179, 99, 5, '200613151006', '2011-09-22', '2011-09-23', 20, 0, '', '0', '2011 yaz dönemi'),
(180, 100, 5, '200613151006', '2011-01-17', '2011-02-12', 20, 0, '', '0', '2011 ara dönem'),
(181, 11, 5, '200613151042', '2012-01-11', '2012-02-04', 20, 0, '', '0', '2012 ara dönem'),
(182, 98, 6, '200613151042', '2012-01-06', '2012-01-07', 20, 0, '', '0', '2012 ara dönem'),
(183, 100, 5, '200613151042', '2011-06-06', '2011-07-01', 20, 0, '', '0', '2011 yaz dönemi'),
(184, 101, 5, '200613161015', '2011-06-06', '2011-07-01', 20, 0, '', '0', '2011 yaz dönemi'),
(185, 102, 6, '200613161015', '2010-05-31', '2010-06-25', 20, 0, '', '0', '2010 yaz dönemi'),
(186, 103, 5, '200613161015', '2011-08-10', '2011-08-11', 20, 0, '', '0', '2011 yaz dönemi'),
(187, 103, 5, '200613161033', '2011-09-08', '2011-09-09', 20, 0, '', '0', '2011 yaz dönemi'),
(188, 104, 5, '200613161033', '2011-07-04', '2011-07-29', 20, 0, '', '0', '2011 yaz dönemi'),
(189, 105, 6, '200613161033', '2011-08-01', '2011-08-26', 20, 0, '', '0', '2011 yaz dönemi'),
(190, 106, 6, '200613171005', '2011-09-27', '2011-09-28', 20, 0, '', '0', '2011 yaz dönemi'),
(191, 107, 6, '200613171005', '2011-09-20', '2011-09-21', 20, 0, '', '0', '2011 yaz dönemi'),
(192, 11, 6, '200613171005', '2010-09-20', '2010-09-21', 20, 0, '', '0', '2010 yaz dönemi'),
(193, 9, 5, '200613171006', '2011-01-24', '2011-02-12', 10, 0, '', '0', '2011 ara dönem'),
(194, 9, 6, '200613171006', '2010-01-24', '2010-02-12', 11, 0, '', '0', '2010 ara dönem'),
(195, 108, 5, '200613171009', '2011-06-06', '2011-07-02', 20, 0, '', '0', '2011 yaz dönemi'),
(196, 11, 5, '200613171019', '2011-01-17', '2011-02-11', 20, 0, '', '0', '2011 ara dönem'),
(197, 109, 5, '200613171019', '2011-07-04', '2011-07-29', 20, 0, '', '0', '2011 yaz dönemi'),
(198, 110, 6, '200613171019', '2010-06-07', '2010-07-17', 20, 0, '', '0', '2010 yaz dönemi'),
(199, 11, 5, '200613171020', '2009-06-01', '2009-06-26', 20, 0, '', '0', '2009 yaz dönemi'),
(200, 94, 5, '200613171021', '2011-01-17', '2011-02-11', 20, 0, '', '0', '2011 ara dönem'),
(201, 11, 6, '200613171027', '2011-01-17', '2011-02-11', 20, 0, '', '0', '2011 ara dönem'),
(202, 111, 6, '200613171029', '2008-06-02', '2008-06-27', 20, 0, '', '0', '2008 yaz dönemi'),
(203, 11, 5, '200613171029', '2009-07-20', '2009-08-20', 20, 0, '', '0', '2009 yaz dönemi'),
(204, 112, 5, '200613171029', '2012-01-25', '2012-01-26', 20, 0, '', '0', '2012 ara dönem'),
(205, 11, 5, '200613171801', '2011-06-06', '2011-07-15', 30, 0, '', '0', '2011 yaz dönemi'),
(206, 9, 6, '200613171801', '2009-07-06', '2009-08-14', 30, 0, '', '0', '2009 yaz dönemi'),
(207, 113, 5, '200813171001', '2012-01-11', '2012-02-04', 20, 20, '', '0', '2012 ara dönem'),
(208, 114, 5, '200813171001', '2011-12-20', '2011-12-30', 20, 0, '', '0', '2011 ara dönem'),
(209, 115, 5, '200813171001', '2011-08-23', '2011-09-17', 20, 0, '', '0', '2011 yaz dönemi'),
(210, 11, 6, '200813171002', '2012-01-03', '2012-01-04', 15, 0, '', '0', '2012 ara dönemi'),
(211, 116, 5, '200813171003', '2011-06-06', '2011-07-01', 20, 0, '', '0', '2011 yaz dönemi'),
(212, 117, 5, '200813171003', '2012-01-11', '2012-02-08', 20, 0, '', '0', '2012 ara dönem'),
(213, 118, 6, '200813171003', '2011-01-17', '2011-02-11', 20, 0, '', '0', '2011 ara dönem'),
(214, 114, 5, '200813171006', '2011-12-29', '2011-12-30', 20, 0, '', '0', '2011 ara dönem'),
(215, 119, 5, '200813171006', '2011-07-04', '2011-07-30', 20, 0, '', '0', '2011 yaz dönemi'),
(216, 119, 5, '200813171006', '2011-08-01', '2011-08-27', 20, 0, '', '0', '2011 yaz dönemi'),
(217, 114, 6, '200813171007', '2011-12-29', '2011-12-30', 20, 0, '', '0', '2011 ara dönem'),
(218, 11, 5, '200813171007', '2012-01-11', '2012-02-02', 20, 20, '', '0', '2012 ara dönem'),
(219, 9, 6, '200813171007', '2011-06-06', '2011-07-01', 20, 0, '', '0', '2011 yaz dönemi'),
(220, 120, 5, '200813171008', '2011-06-06', '2011-06-28', 20, 0, '', '0', '2011 yaz dönemi'),
(221, 114, 5, '200813171008', '2011-12-29', '2011-12-30', 20, 0, '', '0', '2011 ara dönem'),
(222, 121, 6, '200813171008', '2012-01-11', '2012-02-02', 20, 0, '', '0', '2011 ara dönem'),
(223, 114, 6, '200813171009', '2011-12-29', '2011-12-30', 20, 0, '', '0', '2011 ara dönem'),
(224, 122, 5, '200813171009', '2011-06-20', '2011-07-15', 20, 0, '', '0', '2011 yaz dönemi'),
(225, 122, 5, '200813171009', '2011-07-18', '2011-08-12', 20, 0, '', '0', '2011 yaz dönemi'),
(226, 11, 6, '200813171011', '2011-06-06', '2011-08-24', 20, 0, '', '0', '2011 yaz dönemi'),
(227, 114, 6, '200813171013', '2011-12-29', '2011-12-30', 20, 0, '', '0', '2011 ara dönem'),
(228, 123, 5, '200813171013', '2011-07-11', '2011-08-05', 20, 0, '', '0', '2011 yaz dönemi'),
(229, 123, 5, '200813171013', '2011-06-13', '2011-07-08', 20, 0, '', '0', '2011 yaz dönemi'),
(230, 124, 5, '200813171015', '2011-07-12', '2011-08-15', 20, 0, '', '0', '2011 yaz dönemi'),
(231, 11, 5, '200813171015', '2012-01-11', '2012-02-02', 20, 20, '', '0', '2012 ara dönem'),
(232, 125, 5, '200813171016', '2011-08-08', '2011-09-14', 20, 0, '', '0', '2011 yaz dönemi'),
(233, 125, 6, '200813171016', '2011-06-10', '2011-07-07', 20, 0, '', '0', '2011 yaz dönemi'),
(234, 11, 5, '200813171016', '2011-07-11', '2011-08-05', 20, 0, '', '0', '2011 yaz dönemi'),
(235, 126, 5, '200813171017', '2011-06-06', '2011-07-01', 20, 0, '', '0', '2011 yazz dönemi'),
(236, 126, 5, '200813171017', '2011-07-20', '2011-08-17', 20, 0, '', '0', '2011 yaz dönemi'),
(237, 11, 6, '200813171018', '2011-01-12', '2011-02-11', 20, 0, '', '0', '2011 ara dönem'),
(238, 127, 5, '200813171018', '2011-05-30', '2011-06-24', 20, 0, '', '0', '2011 yaz dönemi'),
(239, 71, 5, '200813171019', '2012-01-10', '2012-02-06', 20, 0, '', '0', '2012 ara dönem'),
(240, 11, 6, '200813171019', '2011-01-17', '2011-02-11', 20, 0, '', '0', '2011 ara dönem'),
(241, 128, 6, '200813171019', '2011-08-23', '2011-09-16', 15, 0, '', '0', '2011 yaz dönemi'),
(242, 11, 5, '200813171024', '2011-08-22', '2011-08-24', 2, 0, '', '0', '2011 yaz dönemi'),
(243, 11, 6, '200813171024', '2011-01-17', '2011-02-11', 20, 0, '', '0', '2011 ara dönem'),
(244, 11, 5, '200813171024', '2012-01-11', '2012-02-02', 20, 0, '', '0', '2012 ara dönem'),
(245, 129, 5, '200813171024', '2011-06-06', '2011-06-28', 18, 0, '', '0', '2011 yaz dönemi'),
(246, 114, 5, '200813171025', '2011-12-29', '2011-12-30', 20, 0, '', '0', '2011 ara dönem'),
(247, 11, 5, '200813171025', '2012-01-11', '2012-02-02', 20, 0, '', '0', '2012 ara dönem'),
(248, 130, 5, '200813171025', '2011-08-15', '2011-09-10', 20, 0, '', '0', '2011 yaz dönemi'),
(249, 131, 6, '200813171026', '2011-06-20', '2011-07-15', 20, 0, '', '0', '2011 yaz dönemi'),
(250, 132, 5, '200813171026', '2011-01-17', '2011-02-11', 20, 0, '', '0', '2011 ara dönem'),
(251, 114, 5, '200813171027', '2011-12-29', '2011-12-30', 20, 0, '', '0', '2011 ara dönem'),
(252, 133, 6, '200813171027', '2011-01-17', '2011-02-11', 20, 0, '', '0', '2011 ara dönem'),
(253, 134, 5, '200813171027', '2011-06-13', '2011-07-28', 20, 0, '', '0', '2011 yaz dönemi'),
(254, 114, 6, '200813171028', '2011-12-29', '2011-12-30', 20, 0, '', '0', '2011 ara dönem'),
(255, 135, 5, '200813171028', '2011-07-11', '2011-08-05', 20, 0, '', '0', '2011 yaz dönemi'),
(256, 135, 5, '200813171028', '2011-08-08', '2011-09-07', 20, 0, '', '0', '2011 yaz dönemi'),
(257, 136, 6, '200813171029', '2011-01-17', '2011-02-11', 20, 0, '', '0', '2011 ara dönem'),
(258, 114, 6, '200813171030', '2911-12-29', '2011-12-30', 20, 0, '', '0', '2011 ara dönem'),
(259, 137, 5, '200813171030', '2011-06-13', '2011-07-08', 20, 0, '', '0', '2011 yaz dönemi'),
(260, 114, 6, '200813171031', '2011-12-29', '2011-12-30', 20, 0, '', '0', '2011 ara dönem'),
(261, 138, 5, '200813171031', '2011-08-18', '2011-09-12', 20, 0, '', '0', '2011 yaz dönemi'),
(262, 138, 5, '200813171031', '2011-06-20', '2011-07-15', 20, 0, '', '0', '2011 yaz dönemi'),
(263, 100, 6, '200813171026', '2011-08-17', '2011-09-17', 20, 0, '', '0', '2011 yaz dönemi'),
(264, 114, 5, '200813171801', '2011-12-29', '2011-12-30', 20, 0, '', '0', '2011 ara dönem'),
(265, 14, 5, '200813171801', '2011-06-13', '2011-07-08', 20, 0, '', '0', '2011 yaz dönemi'),
(266, 139, 5, '200813171801', '2012-01-11', '2012-02-03', 20, 20, '', '0', '2012 ara dönem'),
(267, 140, 5, '200813171802', '2011-06-06', '2011-06-28', 20, 0, '', '0', '2011 yaz dönemi'),
(268, 11, 6, '200813171802', '2011-01-17', '2011-02-11', 20, 0, '', '0', '2011 ara dönem'),
(269, 141, 6, '200813171802', '2010-06-14', '2010-07-16', 20, 0, '', '0', '2010 yaz dönemi'),
(270, 142, 5, '200913171001', '2011-06-14', '2011-07-08', 19, 0, '', '0', '2011 yaz dönemi'),
(271, 143, 5, '200913171002', '2011-06-06', '2011-12-29', 18, 0, '', '0', '2011 yaz dönemi'),
(272, 144, 5, '200913171003', '2012-01-11', '2012-02-02', 20, 20, '', '0', '2012 ara dönem'),
(273, 9, 6, '200913171004', '2011-07-04', '2011-07-29', 20, 0, '', '0', '2011 yaz dönemi'),
(274, 145, 5, '200913171005', '2011-08-01', '2011-08-26', 20, 0, '', '0', '2011 yaz dönemi'),
(275, 11, 5, '200913171007', '2011-06-06', '2011-07-01', 20, 0, '', '0', '2011 yaz dönemi'),
(276, 9, 6, '200913171012', '2011-07-18', '2011-08-14', 20, 0, '', '0', '2011 yaz dönemi'),
(277, 146, 6, '200913171015', '2011-06-06', '2011-07-01', 20, 0, '', '0', '2011 yaz dönemi'),
(278, 147, 6, '200913171016', '2011-08-01', '2011-08-26', 20, 0, '', '0', '2011 yaz dönemi'),
(279, 148, 6, '200913171019', '2011-06-06', '2011-06-24', 15, 0, '', '0', '2011 yaz dönemi'),
(280, 149, 6, '200913171020', '2011-06-13', '2011-06-24', 10, 0, '', '0', '2011 yaz dönemi'),
(281, 9, 6, '200913171020', '2011-08-01', '2011-08-12', 10, 0, '', '0', '2011 yaz dönemi'),
(282, 150, 5, '200913171023', '2011-07-11', '2011-08-05', 20, 0, '', '0', '2011 yaz dönemi'),
(283, 9, 6, '200913171024', '2011-07-04', '2011-07-29', 20, 0, '', '0', '2011 yaz dönemi'),
(284, 9, 6, '200913171026', '2011-06-06', '2011-07-01', 20, 0, '', '0', '2011 yaz dönemi'),
(285, 72, 5, '200913171027', '2012-01-09', '2012-02-03', 20, 20, '', '0', '2012 ara dönem'),
(286, 151, 5, '200913171030', '2011-06-06', '2011-07-01', 20, 0, '', '0', '2011 yaz dönemi'),
(287, 152, 5, '200913171032', '2011-06-13', '2011-06-27', 10, 0, '', '0', '2011 yaz dönemi'),
(288, 9, 5, '200913171035', '2011-06-06', '2011-07-01', 20, 0, '', '0', '2011 yaz dönemi'),
(289, 9, 6, '200913171036', '2011-06-06', '2011-07-01', 20, 0, '', '0', '2011 yaz dönemi'),
(290, 88, 5, '200913171038', '2011-06-20', '2011-07-25', 20, 0, '', '0', '2011 yaz dönemi'),
(291, 11, 5, '200913171039', '2011-06-06', '2011-07-01', 20, 0, '', '0', '2011 yaz dönemi'),
(292, 153, 6, '200913171040', '2011-06-06', '2011-07-01', 20, 0, '', '0', '2011 yaz dönemi'),
(293, 154, 5, '200913171043', '2011-07-18', '2011-08-12', 20, 0, '', '0', '2011 yaz dönemi'),
(294, 155, 6, '200913171046', '2011-06-06', '2011-07-01', 20, 0, '', '0', '2011 yaz dönemi'),
(295, 156, 5, '200913171047', '2012-01-12', '2012-02-03', 20, 0, '', '0', '2012 ara dönem'),
(296, 157, 6, '200913171057', '2012-01-12', '2012-02-03', 20, 0, '', '0', '2012 ara dönem'),
(297, 158, 5, '200913171801', '2011-06-20', '2011-07-15', 20, 0, '', '0', '2011 yaz dönemi'),
(298, 146, 5, '200913171802', '2011-06-06', '2011-07-01', 20, 0, '', '0', '2011 yaz dönemi'),
(299, 108, 5, '200913171804', '2011-06-06', '2011-07-02', 24, 0, '', '0', '2011 yaz dönemi'),
(300, 9, 6, '200913171804', '2012-01-11', '2012-02-03', 20, 20, '', '0', '2012 ara dönem'),
(301, 11, 5, '200913172001', '2012-01-11', '2012-02-03', 20, 0, '', '0', '2012 ara dönem'),
(302, 159, 5, '200913172001', '2011-08-23', '2011-09-17', 17, 0, '', '0', '2011 yaz dönemi'),
(303, 160, 6, '200913172002', '2011-06-06', '2011-07-01', 20, 0, '', '0', '2011 yaz dönemi'),
(304, 11, 5, '200913172002', '2012-01-11', '2012-02-03', 20, 0, '', '0', '2012 ara dönem'),
(305, 161, 5, '200913172003', '2011-06-20', '2011-07-14', 18, 0, '', '0', '2011 yaz dönemi'),
(306, 9, 5, '200913172004', '2011-06-27', '2011-07-22', 20, 0, '', '0', '2011 yaz dönemi'),
(307, 11, 5, '201013171906', '2012-01-11', '2012-02-03', 20, 0, '', '0', '2012 ara dönem'),
(308, 162, 5, '201013172008', '2012-01-11', '2012-02-03', 20, 20, '', '0', '2012 ara dönem'),
(309, 74, 6, '201013172043', '2012-01-11', '2012-02-03', 20, 0, '', '0', '2012 ara dönem'),
(310, 163, 6, '201013172061', '2012-01-12', '2012-02-06', 20, 0, '', '0', '2012 ara dönem'),
(311, 11, 6, '200613161011', '2010-07-12', '2010-08-12', 20, 0, '', '0', '2010 yaz dönemi'),
(312, 103, 5, '200613161011', '2009-07-12', '2009-08-12', 20, 0, '', '0', '2009 yaz dönemi'),
(313, 11, 6, '200613171011', '2011-06-06', '2011-07-01', 20, 0, '', '0', '2011 yaz dönemi'),
(314, 164, 5, '200613171011', '2010-01-11', '2010-04-22', 20, 0, '', '0', '2010 ara dönemi'),
(315, 165, 6, '200613171011', '2010-08-23', '2010-09-06', 10, 0, '', '0', '2010 yaz dönemi'),
(316, 166, 6, '200613171030', '2008-07-21', '2008-08-15', 10, 0, '', '0', '2008 yaz okulu'),
(317, 167, 5, '200613171027', '2009-07-01', '2009-08-04', 30, 0, '', '0', '2009 yaz dönemi'),
(318, 168, 5, '200613171027', '2010-05-31', '2010-06-25', 20, 0, '', '0', '2010 yaz dönemi'),
(319, 169, 5, '200613171022', '2009-07-06', '2009-08-28', 40, 0, '', '0', '2009 yaz dönemi'),
(320, 170, 6, '200613171022', '2008-06-06', '2008-06-30', 20, 0, '', '0', '2008 yaz dönemi'),
(321, 171, 5, '200613171006', '2009-07-06', '2009-08-14', 30, 0, '', '0', '2009 yaz dönemi'),
(322, 11, 6, '200613171006', '2010-06-01', '2010-06-18', 15, 0, '', '0', '2010 yaz dönemi'),
(323, 172, 5, '200613171008', '2009-01-12', '2009-02-06', 20, 0, '', '0', '2009 ara dönem'),
(324, 11, 6, '200613171008', '2009-08-03', '2009-08-28', 20, 0, '', '0', '2009 yaz dönemi'),
(325, 11, 5, '200613171008', '2009-07-06', '2009-07-31', 20, 0, '', '0', '2009 yaz dönemi'),
(326, 173, 5, '200613171018', '2009-07-06', '2009-07-31', 20, 0, '', '0', '2009 yaz dönemi'),
(327, 173, 5, '200613171018', '2009-06-08', '2009-07-03', 20, 0, '', '0', '2009 yaz dönemi'),
(328, 174, 6, '200613171018', '2008-07-07', '2008-08-01', 20, 0, '', '0', '2008 yaz dönemi'),
(329, 11, 6, '200613171003', '0000-00-00', '2010-06-25', 20, 0, '', '0', '2010 yaz dönemi'),
(330, 85, 5, '200613171003', '2010-07-12', '2010-07-23', 10, 0, '', '0', '2010 yaz dönemi'),
(331, 175, 5, '200613171004', '2010-01-11', '2010-02-05', 20, 0, '', '0', '2010 yaz dönem'),
(332, 11, 5, '200613171004', '2009-06-01', '2009-06-26', 20, 0, '', '0', '2009 yaz dönemi'),
(333, 11, 5, '200613171023', '2009-08-03', '2009-08-28', 20, 0, '', '0', '2009 yaz dönemi'),
(334, 36, 6, '200613171023', '2008-06-16', '2008-07-11', 20, 0, '', '0', '2008 yaz dönemi'),
(335, 11, 5, '200613171023', '2009-07-06', '2009-08-01', 20, 0, '', '0', '2009 yaz dönemi'),
(336, 11, 5, '200613171017', '2009-06-01', '2009-08-10', 40, 0, '', '0', '2009 yaz dönemi'),
(337, 11, 6, '200613171017', '2010-01-28', '2010-02-05', 20, 0, '', '0', '2010 ara dönem'),
(338, 176, 6, '200613171017', '2008-08-25', '2008-09-10', 20, 0, '', '0', '2008 yaz dönemi'),
(339, 11, 5, '200613171015', '2010-01-11', '2010-02-05', 20, 0, '', '0', '2010 yaz dönemi'),
(340, 177, 6, '200613171015', '2008-06-02', '2008-06-27', 20, 0, '', '0', '2008 yaz dönemi'),
(341, 178, 5, '200613171015', '2010-05-31', '2010-06-25', 20, 0, '', '0', '2010 yaz dönemi'),
(342, 179, 5, '200613171026', '2009-06-15', '2009-07-24', 40, 0, '', '0', '2009 yaz dönemi'),
(343, 179, 6, '200613171026', '2008-06-23', '2008-07-18', 20, 0, '', '0', '2008 yaz dönemi'),
(344, 180, 5, '200613171016', '2010-01-14', '2010-02-05', 20, 0, '', '0', '2010 ara dönem'),
(345, 182, 5, '200613171016', '2010-06-15', '2010-07-15', 23, 0, '', '0', '2010 yaz dönemi'),
(346, 181, 6, '200613171016', '2008-07-01', '2008-07-28', 20, 0, '', '0', '2008 yaz dönemi'),
(347, 183, 5, '200613171024', '2009-07-01', '2009-08-25', 40, 0, '', '0', '2009 yaz dönemi'),
(348, 183, 6, '200613171024', '2008-07-01', '2008-07-28', 20, 0, '', '0', '2008 yaz dönemi'),
(349, 184, 6, '200613171021', '2008-08-25', '2008-09-05', 20, 0, '', '0', '2008 yaz dönemi'),
(350, 11, 6, '201013171902', '2012-06-06', '2012-06-06', 20, 20, 'Ön Lisansta Yapýlan Staj', '0', '2012 YAZ'),
(351, 175, 6, '201013171026', '2012-01-11', '2012-02-03', 18, 18, '', '0', '2012 BAHAR'),
(352, 185, 6, '200913171058', '2012-01-16', '2012-02-03', 15, 15, '', '0', '2012 BAHAR'),
(353, 11, 6, '201113171903', '2012-06-21', '2012-06-21', 20, 20, 'Ön Lisansta Yapýlan Staj', '0', '2012 ARADÖNEM'),
(354, 11, 6, '201113171906', '2012-06-21', '2012-06-21', 20, 20, 'Ön Lisansta Yapýlan Staj', '0', '2012 ARADÖNEM'),
(355, 11, 6, '201113171905', '2012-06-21', '2012-06-21', 20, 20, 'Ön Lisansta Yapýlan Staj', '0', '2012 ARADÖNEM'),
(356, 11, 6, '201113171901', '2012-06-21', '2012-06-21', 20, 20, 'Ön Lisansta Yapýlan Staj', '0', '2012 ARADÖNEM'),
(357, 11, 6, '201013171904', '2012-06-21', '2012-06-21', 20, 20, 'Ön Lisansta Yapýlan Staj', '0', '2012 ARADÖNEM'),
(358, 11, 6, '201013171906', '2012-06-21', '2012-06-21', 20, 20, 'Ön Lisansta Yapýlan Staj', '0', '2012 ARADÖNEM'),
(359, 11, 6, '201013171901', '2012-06-21', '2012-06-21', 20, 20, 'Ön Lisansta Yapýlan Staj', '0', '2012 ARADÖNEM'),
(360, 11, 6, '201013171905', '2012-06-21', '2012-06-21', 20, 20, 'Ön Lisansta Yapýlan Staj', '0', '2012 ARADÖNEM'),
(361, 11, 6, '201013171903', '2012-06-21', '2012-06-21', 20, 20, 'Ön Lisansta Yapýlan Staj', '0', '2012 ARADÖNEM'),
(362, 186, 6, '200813171004', '2011-01-17', '2011-02-09', 16, 20, '', '0', '2011 ARADÖNEM'),
(363, 9, 5, '200813171004', '2011-07-25', '2011-09-20', 36, 40, '', '0', '2011 ARADÖNEM'),
(364, 188, 5, '200813171030', '2012-01-11', '2012-02-04', 20, 22, '', '0', '2012 ARADÖNEM'),
(365, 188, 5, '200813171002', '2012-01-11', '2012-02-04', 20, 22, '', '0', '2012 ARADÖNEM');

-- --------------------------------------------------------

--
-- Tablo için tablo yapısı `staj_turu`
--

CREATE TABLE IF NOT EXISTS `staj_turu` (
  `id` tinyint(3) unsigned NOT NULL auto_increment,
  `ad` varchar(25) NOT NULL,
  `en_az` tinyint(4) NOT NULL,
  PRIMARY KEY  (`id`)
) ENGINE=MyISAM  DEFAULT CHARSET=latin1 AUTO_INCREMENT=7 ;

--
-- Tablo döküm verisi `staj_turu`
--

INSERT INTO `staj_turu` (`id`, `ad`, `en_az`) VALUES
(6, 'donaným', 20),
(5, 'yazýlým', 20);

-- --------------------------------------------------------

--
-- Tablo için tablo yapısı `staj_yeri`
--

CREATE TABLE IF NOT EXISTS `staj_yeri` (
  `id` int(11) NOT NULL auto_increment,
  `ad` varchar(150) NOT NULL,
  `adres` varchar(250) default NULL,
  PRIMARY KEY  (`id`)
) ENGINE=MyISAM  DEFAULT CHARSET=latin1 AUTO_INCREMENT=189 ;

--
-- Tablo döküm verisi `staj_yeri`
--

INSERT INTO `staj_yeri` (`id`, `ad`, `adres`) VALUES
(11, 'DPÜ Bilgisayar Müh.', 'DPÜ Bilgisayar Müh.'),
(10, 'MikroMask Arge Yaz.', 'MikroMask Arge Yaz.'),
(9, 'Türk Telekom', 'Türk Telekom'),
(12, 'FdnSoft', 'FdnSoft'),
(13, 'DHMÝ Antalya Havalimaný BaþMüd.', 'DHMÝ Antalya Havalimaný BaþMüd.'),
(14, 'DEÜ Bilgi Ýþlem Dairesi', 'DEÜ Bilgi Ýþlem Dairesi'),
(16, 'Hasbim Bilgi Ýþlem', 'Hasbim Bilgi Ýþlem'),
(17, 'Türk Telekom(Sivas)', 'Türk Telekom(Sivas)'),
(18, 'Hava Kuvvetleri Komutanlýðý', 'Hava Kuvvetleri Komutanlýðý'),
(19, 'Fintek A. Þ.', 'Fintek A. Þ.'),
(20, 'Mersin Üniversitesi', 'Mersin Üniversitesi'),
(21, 'Docuart Bilgisayar', 'Docuart Bilgisayar'),
(22, 'Ýpek Büro Donaným', 'Ýpek Büro Donaným'),
(23, 'Havelsan Ehsim', 'Havelsan Ehsim'),
(24, 'Türk Telekom (Muðla)', 'Türk Telekom (Muðla)'),
(25, 'Menderes Elektrik Daðýtým A.Þ.', 'Menderes Elektrik Daðýtým A.Þ.'),
(26, 'Graniser Granit ve Seramik Sanayi', 'Graniser Granit ve Seramik Sanayi'),
(27, 'DHMÝ Trabzon Havalimaný BaþMüd.', 'DHMÝ Trabzon Havalimaný BaþMüd.'),
(28, 'Talya Biliþim', 'Talya Biliþim'),
(29, 'Akýþýk Yazýlým', 'Akýþýk Yazýlým menderes'),
(30, 'Veriyaz Yazýlým', 'Veriyaz Yazýlým'),
(31, 'MEB Eðitek', 'MEB Eðitek'),
(32, 'DHMÝ Ankara Havalimaný BaþMüd.', 'DHMÝ Ankara Havalimaný BaþMüd.'),
(33, 'Labris Tek. Bil.', 'Labris Tek. Bil.'),
(34, 'Uludað Biliþim', 'Uludað Biliþim'),
(35, 'Fujitsu Siemens Computers', 'Fujitsu Siemens Computers'),
(36, 'Meram Elektrik Daðýtým A. Þ.', 'Konya'),
(89, 'ÝGDAÞ A.Þ.', 'ÝGDAÞ A.Þ.'),
(88, 'ÝSKÝ', 'ÝSKÝ'),
(74, 'Güçyetmez Makina', 'Gaziantep'),
(85, 'SGS Danýþmanlýk', 'SGS Danýþmanlýk'),
(86, 'irem tekstil', 'irem tekstil'),
(72, 'Eskiþehir Büyükþehir Belediyesi', 'Eskiþehir'),
(87, 'Küre Bilgi Teknolojileri', 'Küre Bilgi Teknolojileri'),
(70, 'DPÜ Enformatik BÖLÜMÜ', 'merkez kampüs'),
(69, 'Batman Üniversitesi', 'Batman'),
(71, 'Destel Biliþim çözümleri', 'Kadýköy/ÝSTANBUL'),
(66, 'Iþýk Kardeþler', 'UÞAK'),
(90, 'ZAMAN GAZETESÝ', 'ZAMAN GAZETESÝ'),
(96, 'Anil Mühendislik', 'Anil Mühendislik'),
(93, 'modeno yazýlým asarým', 'modeno yazýlým asarým'),
(94, 'Eskiþehir Güvenlik Sistemleri', 'Eskiþehir Güvenlik Sistemleri'),
(95, 'GLOBALYAPI Biliþim Teknolojileri', 'GLOBALYAPI Biliþim Teknolojileri'),
(97, 'Karacabey Tarim lslt.', 'Karacabey Tarim lslt.'),
(98, 'Elektrik Elekronik Müh.', 'Elektrik Elekronik Müh.'),
(99, 'Gýda Ýletiþim', 'Gýda Ýletiþim'),
(100, 'Küre Bilgisayar', 'Küre Bilgisayar'),
(101, 'CMS Jant ve Makine Sanayi', 'CMS Jant ve Makine Sanayi'),
(102, 'DHMI Adnan Mend. Havalimaný', 'DHMI Adnan Mend. Havalimaný'),
(103, 'DPÜ Endüstri Müh. Bölümü', 'DPÜ Endüstri Müh. Bölümü'),
(104, 'Kuryenet A.Þ.', 'Kuryenet A.Þ.'),
(105, 'Menemen Bel.', 'Menemen Bel.'),
(106, 'Dicle Elekrik Daðýtým A.Þ.', 'Dicle Elekrik Daðýtým A.Þ.'),
(107, 'Diyarbakýr B.B.', 'Diyarbakýr B.B.'),
(108, 'Güral Porselen', 'Güral Porselen'),
(109, 'JCI Major SKT Oto Donaným', 'JCI Major SKT Oto Donaným'),
(110, 'Kobihattý', 'Kobihattý'),
(111, 'DPÜ Bilgi Ýþlem', 'DPÜ Bilgi Ýþlem'),
(112, 'Gittigidiyor', 'Gittigidiyor'),
(113, 'Batman Üniv. Rekt.', 'Batman Üniv. Rekt.'),
(114, 'bilinmiyor', 'bilinmiyor'),
(115, 'BÝLSAM YAZILIM', 'BÝLSAM YAZILIM'),
(116, 'basar Bilg. Sist.', 'basar Bilg. Sist.'),
(117, 'Gate Elektronik', 'Gate Elektronik'),
(118, 'TSE', 'TSE'),
(119, 'Kuveyt Türk K.B.', 'Kuveyt Türk K.B.'),
(120, 'Babaoðlu Ýletiþim', 'Babaoðlu Ýletiþim'),
(121, 'Tekno Biliþim', 'Tekno Biliþim'),
(122, 'Korgün Yazýlým', 'Korgün Yazýlým'),
(123, 'ÝSDEMÝR', 'ÝSDEMÝR'),
(124, 'Albaraka türk Katýlým Bankasý', 'Albaraka türk Katýlým Bankasý'),
(125, 'ADÜ Bilg. lst. Da.', 'ADÜ Bilg. lst. Da.'),
(126, 'Naksan Holding', 'Naksan Holding'),
(127, 'Starsale LTD', 'Starsale LTD'),
(128, 'Ercis Seker Fab.', 'Ercis Seker Fab.'),
(129, 'Entegre Enf. Sis.', 'Entegre Enf. Sis.'),
(130, 'Sistemo Yazýlým', 'Sistemo Yazýlým'),
(131, 'Çözüm Tek', 'Çözüm Tek'),
(132, 'Ersan Alýþveriþ', 'Ersan Alýþveriþ'),
(133, 'CASPERSTORE', 'CASPERSTORE'),
(134, 'Orman Genel MD.', 'Orman Genel MD.'),
(135, 'Teknnet Tekn. Hz.', 'Teknnet Tekn. Hz.'),
(136, 'Zogo Bilgisayar', 'Zogo Bilgisayar'),
(137, 'Kent Yazýlým', 'Kent Yazýlým'),
(138, 'Center Bilgisayar', 'Center Bilgisayar'),
(139, 'Ýzmir B.B.', 'Ýzmir B.B.'),
(140, 'Coþkunöz Holding', 'Coþkunöz Holding'),
(141, 'Yeþim Tekstil', 'Yeþim Tekstil'),
(142, 'Hadim Gýda', 'Hadim Gýda'),
(143, 'Konya B.B.', 'Konya B.B.'),
(144, 'Vekra Bilgi Ýþlem', 'Vekra Bilgi Ýþlem'),
(145, 'Pýnar Süt', 'Pýnar Süt'),
(146, 'TKI Garp Linyit lsl.', 'TKI Garp Linyit lsl.'),
(147, 'diyarbakýr il özel id.', 'diyarbakýr il özel id.'),
(148, 'YKK Met. & Plastik', 'YKK Met. & Plastik'),
(149, 'Çukurova Mak. Ým.', 'Çukurova Mak. Ým.'),
(150, 'ACS Teknoloji Sist.', 'ACS Teknoloji Sist.'),
(151, 'Bimser Çöz. Dan.', 'Bimser Çöz. Dan.'),
(152, 'THY', 'THY'),
(153, 'Continental Comp.', 'Continental Comp.'),
(154, 'Üsküdar Belediyesi', 'Üsküdar Belediyesi'),
(155, 'IGDAS', 'IGDAS'),
(156, 'Biltim Bilgisayar', 'Biltim Bilgisayar'),
(157, 'Arti ve Arti Tekn. Hizm.', 'Arti ve Arti Tekn. Hizm.'),
(158, 'EÜAS', 'EÜAS'),
(159, 'MIA Tekn. Yazýlým', 'MIA Tekn. Yazýlým'),
(160, 'DHMI', 'DHMI'),
(161, 'EGDAS', 'EGDAS'),
(162, 'Bursa Tic. ve San. Odasý', 'Bursa Tic. ve San. Odasý'),
(163, 'Kale Holding A.Þ.', 'Kale Holding A.Þ.'),
(164, 'Sabancý Üniversitesi', 'Sabancý Üniversitesi'),
(165, 'Türk Telekom (Artvin)', 'Türk Telekom (Artvin)'),
(166, 'Türk Telekom (Aksaray)', 'Türk Telekom (Aksaray)'),
(167, 'Ortadoðu Rulman Sanayi ve Tic.', 'Ortadoðu Rulman Sanayi ve Tic.'),
(168, 'TÜBÝTAK-UEKAE/6222 Birimi', 'TÜBÝTAK-UEKAE/6222 Birimi'),
(169, 'Ýcat Biliþim Tekn. ', 'Ýcat Biliþim Tekn. '),
(170, 'Türk Telekom (Samsun)', 'Türk Telekom (Samsun)'),
(171, 'Meddata Biliþim Ýletiþim LTD. ÞTÝ.', 'Meddata Biliþim Ýletiþim LTD. ÞTÝ.'),
(172, 'Prodea Bilgi Sistemleri', 'Prodea Bilgi Sistemleri'),
(173, 'Elsan Bilgisayar Sist.', 'Elsan Bilgisayar Sist.'),
(174, 'DPÜ Rektörlük Bilgi Ýþlem Dairesi', 'DPÜ Rektörlük Bilgi Ýþlem Dairesi'),
(175, '2 Adam Yazýlým', '2 Adam Yazýlým'),
(176, 'Türk Telekom (Konya)', 'Türk Telekom (Konya)'),
(177, 'Özkar Enerji Sayaç San. Ltd. Þti.', 'Özkar Enerji Sayaç San. Ltd. Þti.'),
(178, 'Türk Telekom (Kayseri)', 'Türk Telekom (Kayseri)'),
(179, 'Petkim Petrokimya Holding A. Þ.', 'Petkim Petrokimya Holding A. Þ.'),
(180, 'Türk Telekom (Batman)', 'Türk Telekom (Batman)'),
(181, 'Batman Tüpraþ Rafinerisi', 'Batman Tüpraþ Rafinerisi'),
(182, 'Netser Komünikasyon A. Þ.', 'Netser Komünikasyon A. Þ.'),
(183, 'Botaþ Petrol Ýþl.', 'Botaþ Petrol Ýþl.'),
(184, 'Türk Telekom (Elazýð)', 'Türk Telekom (Elazýð)'),
(185, 'Kütahya Belediyesi', 'Merkez/KÜTAHYA'),
(186, 'Kevser Biliþim', 'Bilinmiyor'),
(187, 'Türk Telekom(Adýyaman)', 'ADIYAMAN'),
(188, 'Kütahya Ýl Özel Ýdaresi', 'Merkez/KÜTAHYA');

-- --------------------------------------------------------

--
-- Tablo için tablo yapısı `toplam_staj`
--

CREATE TABLE IF NOT EXISTS `toplam_staj` (
  `staj_toplam` tinyint(4) NOT NULL,
  `bolum_adi` varchar(100) NOT NULL
) ENGINE=MyISAM DEFAULT CHARSET=latin1;

--
-- Tablo döküm verisi `toplam_staj`
--

INSERT INTO `toplam_staj` (`staj_toplam`, `bolum_adi`) VALUES
(60, 'DPÜ BÝLGÝSAYAR MÜHENDÝSLÝÐÝ');

/*!40101 SET CHARACTER_SET_CLIENT=@OLD_CHARACTER_SET_CLIENT */;
/*!40101 SET CHARACTER_SET_RESULTS=@OLD_CHARACTER_SET_RESULTS */;
/*!40101 SET COLLATION_CONNECTION=@OLD_COLLATION_CONNECTION */;
